timestamp,date,sma_10,sma_30,ema_10,ema_30,rsi_14,macd,atr_14,open,high,low,close,volume
2025-05-07 13:00:00,2025-05-07,,,,,,,0.0,95826.14,95826.14,20077.9,95826.14,0.64976
2025-05-07 14:00:00,2025-05-07,,,,,,,0.0,95826.14,99811.1,95826.14,96938.0,59.35014
2025-05-07 15:00:00,2025-05-07,,,,,,,0.0,96938.0,97015.89,96769.83,96923.9,62.26466
2025-05-07 16:00:00,2025-05-07,,,,,,,0.0,96923.9,96952.4,21206.1,96865.08,112.26919
2025-05-07 17:00:00,2025-05-07,,,,,,,0.0,96865.08,96893.43,91900.0,96283.57,94.14581
2025-05-07 18:00:00,2025-05-07,,,,,,,0.0,96283.57,96845.71,19435.9,96523.99,119.49633
2025-05-07 19:00:00,2025-05-07,,,,,,,0.0,96523.99,96933.83,95798.18,96200.31,112.57696
2025-05-07 20:00:00,2025-05-07,,,,,,,0.0,96200.32,96750.0,96119.47,96749.87,103.04871
2025-05-07 21:00:00,2025-05-07,,,,,,,0.0,96750.0,97313.7,93000.0,97130.08,97.02253
2025-05-07 22:00:00,2025-05-07,96670.38200000001,,96664.63497969223,,,,0.0,97140.0,97274.35,97021.3,97262.88,90.76707
2025-05-07 23:00:00,2025-05-07,96788.436,,96726.82498338455,,,,0.0,97262.88,97387.51,96989.13,97006.68,67.52007
2025-05-08 00:00:00,2025-05-08,96861.95599999999,,96898.89316822372,,,,0.0,97018.48,104553.6,96840.25,97673.2,102.52511
2025-05-08 01:00:00,2025-05-08,96950.458,,97064.35259218304,,,,0.0,97549.92,98260.01,20116.3,97808.92,117.5014
2025-05-08 02:00:00,2025-05-08,97132.549,,97359.19575724067,,79.77265768423246,,23694.375,97827.55,98813.0,97826.75,98685.99,111.48701
2025-05-08 03:00:00,2025-05-08,97420.81399999998,,97687.74561956053,,82.30630561956843,,22047.408928571425,98685.99,99170.02,98533.17,99166.22,97.02851
2025-05-08 04:00:00,2025-05-08,97667.01499999998,,97923.79187054952,,78.34049357012964,,20504.084719387753,99166.19,99369.56,98928.69,98986.0,83.97745
2025-05-08 05:00:00,2025-05-08,97922.33300000001,,98074.64607590417,,73.42500873583101,,19063.56152514577,98990.39,99077.99,98741.23,98753.49,60.5191
2025-05-08 06:00:00,2025-05-08,98146.35500000001,,98241.09042573976,,75.13475103607499,,17720.54498763536,98757.6,98997.02,98735.69,98990.09,63.12692
2025-05-08 07:00:00,2025-05-08,98357.273,,98422.57580287798,,76.82569762765058,,16556.356774232834,98971.43,100113.0,98691.09,99239.26,83.01753
2025-05-08 08:00:00,2025-05-08,98597.653,,98648.77656599108,,79.4120831225287,,15523.159861787632,99239.26,101324.6,99233.0,99666.68,103.05867
2025-05-08 09:00:00,2025-05-08,98871.686,,98848.4553721745,,79.86686751149165,,14597.43415737423,99666.68,101477.1,98914.1,99747.01,126.07982
2025-05-08 10:00:00,2025-05-08,99082.433,,99017.94894087005,,80.06557665325016,,13573.710288990356,99747.46,99950.41,99685.11,99780.67,83.16604
2025-05-08 11:00:00,2025-05-08,99242.70999999999,,99089.53822434822,,71.71028967370573,,12682.151696919618,99780.67,99782.98,98691.09,99411.69,76.29844
2025-05-08 12:00:00,2025-05-08,99301.62,,99123.27491083034,,68.84593752467208,,17355.948004282505,99411.69,99538.5,21423.2,99275.09,101.32577
2025-05-08 13:00:00,2025-05-08,99311.563,,99149.16129067936,,68.64188587122308,,16154.743861119468,99276.76,99629.75,99090.66,99265.65,101.94768
2025-05-08 14:00:00,2025-05-08,99358.156,,99204.21014691947,,70.49996115365558,788.2414436340769,21155.876442468078,99265.65,106827.6,20657.0,99451.93,148.73444
2025-05-08 15:00:00,2025-05-08,99559.807,,99488.89921111593,,79.67635288114086,863.8754313885584,20181.004553720355,99451.93,106827.6,99319.93,100770.0,122.97761
2025-05-08 16:00:00,2025-05-08,99788.446,,99813.91390000394,,81.99413143956602,953.6910579040123,24515.4185141689,100808.45,101355.3,20492.5,101276.48,112.02673
2025-05-08 17:00:00,2025-05-08,99966.696,,100033.5222818214,,77.22423097671181,992.8716079328879,28573.401477442552,101276.48,101656.48,20329.3,101021.76,112.22822
2025-05-08 18:00:00,2025-05-08,100137.023,98468.35266666667,100276.50913967204,98825.66930229892,79.02083617649382,1040.0296843608376,26565.1092290538,101021.76,101450.0,100992.69,101369.95,115.79917
2025-05-08 19:00:00,2025-05-08,100287.573,98649.23166666666,100453.96384154985,98982.23966989254,76.81975060338672,1055.7562720538263,25840.907855549962,101370.01,117411.8,100985.51,101252.51,127.3124
2025-05-08 20:00:00,2025-05-08,100553.606,98832.665,100815.24314308623,99205.38549764141,82.21787737813928,1150.8545812485827,24842.350151582104,101252.51,110861.1,99000.0,102441.0,127.17029
2025-05-08 21:00:00,2025-05-08,100893.921,99029.02966666667,101178.80620797964,99438.25353005165,83.51807072995793,1242.0686459310964,29057.56656932624,102441.0,105513.58,21658.2,102814.84,150.42119
2025-05-08 22:00:00,2025-05-08,101266.412,99233.527,101509.93235198333,99668.04362488702,84.13674593061091,1314.1486265691783,33039.49895723151,102814.84,105789.52,20984.9,103000.0,132.14018
2025-05-08 23:00:00,2025-05-08,101663.447,99465.27466666668,101823.76283344091,99898.23435876529,84.9140259982732,1374.4717039742827,32412.182603143545,103000.0,103257.07,79000.0,103236.0,106.07069
2025-05-09 00:00:00,2025-05-09,102000.25499999999,99675.14199999999,102004.8986819062,100086.73601303849,77.68807240819842,1372.8854916395503,30361.16456006186,103236.0,106290.04,102592.11,102820.01,108.39204
2025-05-09 01:00:00,2025-05-09,102231.45499999999,99904.53166666666,102200.73528519597,100279.97885090698,78.9055751068573,1376.8968011591933,28425.853520057444,102824.91,105858.35,102591.54,103082.0,101.88435
2025-05-09 02:00:00,2025-05-09,102360.306,100098.369,102266.96341516034,100427.39892504201,70.70605628576885,1323.105470427763,26437.612554339055,103082.0,103128.17,102537.69,102564.99,94.63094
2025-05-09 03:00:00,2025-05-09,102504.632,100276.20033333333,102302.97370331301,100558.85834923286,69.20845817389267,1257.908325604818,24579.145943314837,102565.99,102797.67,102378.59,102465.02,91.83043
2025-05-09 04:00:00,2025-05-09,102646.787,100460.48766666667,102391.796666347,100702.89974605654,71.34316603634053,1218.5367924745224,22964.14909022092,102465.02,102840.01,100870.82,102791.5,82.55695
2025-05-09 05:00:00,2025-05-09,102817.25,100658.83633333333,102494.58636337481,100848.33460114968,72.38904578306652,1187.0171378285595,21349.996298062284,102791.5,102971.33,102605.32,102957.14,78.9394
2025-05-09 06:00:00,2025-05-09,102893.43299999999,100843.15733333332,102623.3579336703,101000.23753010777,73.91006097427307,1168.394193159169,19847.298705343546,102957.13,103236.96,102924.73,103202.83,86.58149
2025-05-09 07:00:00,2025-05-09,102978.195,101038.27533333332,102812.28558209387,101171.99381848793,76.51635394218873,1177.1541744790738,24503.684512104723,103202.83,105078.1,20041.4,103662.46,120.68037
2025-05-09 08:00:00,2025-05-09,102976.195,101181.409,102842.77911262226,101288.63937858549,65.97737119556868,1116.161291758428,22840.523475525813,103660.94,103872.51,102653.08,102980.0,95.05655
2025-05-09 09:00:00,2025-05-09,102946.395,101307.135,102860.0920012364,101395.04974125739,65.3805424699754,1052.3046310313512,21268.063941559678,102968.26,103257.03,102430.94,102938.0,97.04271
2025-05-09 10:00:00,2025-05-09,102999.316,101452.57566666667,102949.02436464795,101521.12524182144,68.39506943166597,1023.0862828146055,25707.580802876844,102936.53,103453.3,20032.0,103349.22,108.56107
2025-05-09 11:00:00,2025-05-09,102986.948,101592.73666666666,102950.7144801665,101613.84748428458,62.79728811352497,957.3524056326714,30155.482174099925,103349.22,107975.8,19997.6,102958.32,102.95481
2025-05-09 12:00:00,2025-05-09,103020.45,101723.06733333334,102941.49548377258,101696.82571110493,61.98235630377642,890.2899958105554,34506.54630452136,102958.32,110711.98,19641.6,102900.01,104.73441
2025-05-09 13:00:00,2025-05-09,103136.64,101869.32266666667,103066.11812308665,101821.34792329172,67.62311729460127,885.5895893025008,38137.65299705555,102900.01,104851.14,19509.1,103626.92,118.90461
2025-05-09 14:00:00,2025-05-09,103170.793,101984.86766666666,103078.28391888906,101905.97257340193,61.000630528830634,832.4161131004221,35693.81206869444,103626.92,106400.67,102476.79,103133.03,125.61443
2025-05-09 15:00:00,2025-05-09,103163.903,102089.57533333334,103043.73047909104,101969.34466544053,57.97036908324713,761.742351254361,33183.26977807341,103136.17,103245.23,102699.01,102888.24,112.5097
2025-05-09 16:00:00,2025-05-09,103092.63600000001,102179.89166666666,102943.08130107448,102002.94565476695,53.33072532026743,665.934676289442,30852.858365353877,102880.29,102929.52,102372.01,102490.16,104.23982
2025-05-09 17:00:00,2025-05-09,103045.937,102306.01766666667,102988.97015542457,102079.88270929812,59.513496930160784,639.5467295073759,28710.997053542884,102489.82,103226.52,102359.72,103195.47,120.82817
2025-05-09 18:00:00,2025-05-09,103069.137,102437.24799999999,103029.52103625645,102152.9225345047,59.64842123204711,612.902762888858,26685.562978289818,103195.54,103372.41,103017.49,103212.0,83.56738
2025-05-09 19:00:00,2025-05-09,103093.284,102567.70866666666,103056.78448420983,102219.15140324635,59.230092000518496,582.4482276419876,24804.719194126257,103216.56,103272.42,102918.67,103179.47,92.96451
2025-05-09 20:00:00,2025-05-09,103076.712,102692.09433333334,103079.82366889894,102281.36744174658,59.26820371521814,552.2717316207563,23052.243537402952,103179.5,103413.17,103143.11,103183.5,67.20919
2025-05-09 21:00:00,2025-05-09,103078.88,102765.761,103061.6739109173,102326.440510021,56.40105615625507,506.1018645770964,27391.2175704456,103183.94,103199.98,19402.1,102980.0,76.19913
2025-05-09 22:00:00,2025-05-09,103067.34400000001,102816.03333333334,103011.30592711415,102356.0024126003,53.71474990283995,448.57787342234224,25456.2077439852,102979.82,103067.67,102766.59,102784.65,56.84411
2025-05-09 23:00:00,2025-05-09,103001.85,102881.04066666667,103004.15575854793,102395.74290210995,55.884635129379014,413.3409245299117,23656.546476557687,102784.65,102980.0,102719.05,102971.98,49.34289
2025-05-10 00:00:00,2025-05-10,102975.084,102930.88799999999,102978.92198426648,102426.04142455447,54.32379108293938,372.51868907824974,21986.771728232136,102972.0,103106.24,102826.54,102865.37,80.71856
2025-05-10 01:00:00,2025-05-10,102986.42799999999,102989.19366666667,102983.05980530893,102463.17939716387,56.01533335387532,347.163961142287,20434.858747644124,102865.71,103119.99,102860.0,103001.68,59.17854
2025-05-10 02:00:00,2025-05-10,103052.208,103012.759,103013.04165888912,102507.35879089523,57.820575130488585,335.0119211794372,18997.61097995526,103001.68,103266.07,102952.68,103147.96,58.68299
2025-05-10 03:00:00,2025-05-10,103054.01,103026.04733333334,103049.48681181837,102552.91564309555,58.639529012190955,326.9007568646193,22986.269481387026,103147.35,104838.83,30000.0,103213.49,57.0231
2025-05-10 04:00:00,2025-05-10,103048.057,103031.12966666666,103068.21102785139,102591.59656934746,57.51959779267125,311.9527989898779,21356.496661287954,103213.49,103221.45,103052.0,103152.47,51.91746
2025-05-10 05:00:00,2025-05-10,103063.426,103034.36833333333,103116.38356824203,102639.43937132505,59.95830641499064,311.1004354243196,19848.016185481676,103152.47,103333.33,103095.56,103333.16,60.54193
2025-05-10 06:00:00,2025-05-10,103118.213,103064.747,103228.19928310713,102709.88650865892,64.75976139857121,338.6533649906196,18466.420029375844,103333.15,103838.22,103332.55,103731.37,82.87359
2025-05-10 07:00:00,2025-05-10,103199.687,103088.50499999999,103331.20668617854,102779.87705648738,65.4693736550471,361.43627715804905,17176.23717013471,103731.37,104030.17,103626.31,103794.74,76.81993
2025-05-10 08:00:00,2025-05-10,103284.207,103124.00033333333,103385.50547050971,102834.71402058497,61.97252563156353,362.0135869512451,16306.035229410803,103885.31,107937.52,102944.11,103629.85,92.52755
2025-05-10 09:00:00,2025-05-10,103368.513,103169.001,103463.60265768976,102897.9608579666,64.2801049753928,373.1133756843774,15175.227713024318,103629.85,103857.16,103382.43,103815.04,83.74163
2025-05-10 10:00:00,2025-05-10,103442.701,103196.19266666667,103489.72035629161,102943.72144777521,59.88877205327353,360.98194662133756,14110.994304951151,103815.04,103883.21,103607.25,103607.25,76.08071
2025-05-10 11:00:00,2025-05-10,103485.91500000001,103212.082,103479.55665514768,102975.34070920908,56.424050706118315,333.52863955916837,13122.039711740354,103607.25,103654.31,103388.68,103433.82,81.87096
2025-05-10 12:00:00,2025-05-10,103538.10500000001,103227.64966666668,103514.15726330265,103020.14840538915,59.8302358504273,327.048143831722,12209.6083037589,103430.86,103778.85,103430.85,103669.86,82.84913
2025-05-10 13:00:00,2025-05-10,103579.642,103226.52966666667,103535.01230633853,103059.42012117051,58.96801046916673,314.9731327195186,11363.387710633264,103669.86,103792.34,103429.82,103628.86,69.99108
2025-05-10 14:00:00,2025-05-10,103616.437,103244.54366666666,103532.35915973151,103089.16204883692,56.64293953482728,293.2727321875427,10567.19287415946,103628.86,103666.67,103450.01,103520.42,64.20736
2025-05-10 15:00:00,2025-05-10,103597.001,103251.237,103460.80294887123,103092.36449729907,49.279033842347715,242.48623339824553,9842.780526005214,103520.42,103564.18,103138.76,103138.8,81.16816
2025-05-10 16:00:00,2025-05-10,103565.794,103253.573,103453.25695816737,103113.45711037656,54.011604571952994,222.30893396618194,9163.869774147699,103138.8,103476.56,103138.53,103419.3,82.84605
2025-05-10 17:00:00,2025-05-10,103505.285,103261.284,103405.32842031875,103118.37278067485,49.905969364752025,185.64741522065015,8537.516933137149,103419.3,103560.02,103165.09,103189.65,85.7084
2025-05-10 18:00:00,2025-05-10,103469.4,103273.65033333332,103380.90507116988,103128.21969805067,51.31766310143717,161.29782172804698,7949.765009341639,103188.36,103314.32,103005.33,103271.0,92.30246
2025-05-10 19:00:00,2025-05-10,103405.324,103258.56233333334,103343.33687641172,103131.1913304345,49.530474391046425,132.6667975189921,7397.708222960093,103274.14,103306.4,103085.43,103174.28,63.49146
2025-05-10 20:00:00,2025-05-10,103363.378,103260.38766666666,103315.05562615504,103134.84285750326,49.79349349188872,109.80093185641454,6887.619064177229,103174.27,103338.46,103082.0,103187.79,61.54214
2025-05-10 21:00:00,2025-05-10,103397.895,103290.07933333333,103399.40733049047,103176.40073766436,59.69279423295889,137.7960407320934,11667.129845307427,103187.79,103800.77,30000.0,103778.99,67.32164
2025-05-10 22:00:00,2025-05-10,103390.91100000001,103327.07466666667,103435.88236131039,103203.73101265375,56.08749703643232,143.8823962246388,11357.79342778547,103778.99,103797.32,96460.9,103600.02,88.60991
2025-05-10 23:00:00,2025-05-10,103508.952,103380.868,103685.58920470849,103307.3141731277,69.49420288886343,243.47561040001165,10642.906040086507,103600.02,104920.0,103570.63,104809.27,111.60329
2025-05-11 00:00:00,2025-05-11,103599.76800000001,103421.42066666667,103820.67844021603,103379.65390389366,62.97571242882466,288.3613980257214,9944.038465794612,104809.27,104938.11,104079.35,104428.58,99.87347
2025-05-11 01:00:00,2025-05-11,103694.768,103451.73166666667,103869.4278147222,103425.40526493278,57.76745196781615,293.1371986096783,9271.485718237855,104428.55,104508.1,103979.8,104088.8,99.98289
2025-05-11 02:00:00,2025-05-11,103730.345,103471.45066666669,103852.27184840907,103447.96428009841,53.377864369089146,268.51143327106547,8661.696024078008,104083.25,104260.3,103525.87,103775.07,83.34501
2025-05-11 03:00:00,2025-05-11,103816.668,103507.21333333335,103888.74605778923,103486.99110073723,56.52798231221115,268.3192646066891,8078.1155937867225,103774.9,104181.6,103690.03,104052.88,85.94229
2025-05-11 04:00:00,2025-05-11,103904.938,103552.84833333333,103936.91950182755,103530.00457810903,57.64641118228453,273.1535567972023,7528.177337087671,104052.87,104364.0,103985.02,104153.7,76.87198
2025-05-11 05:00:00,2025-05-11,103970.626,103581.48766666667,103917.69050149526,103549.43396016651,52.952780516386845,248.09856000287982,7284.19181300998,104153.7,107937.52,103825.14,103831.16,63.23225
2025-05-11 06:00:00,2025-05-11,104038.935,103615.00466666667,103909.17950122339,103570.17241434932,53.4553736229062,228.80978975089965,6788.869540652125,103831.15,103984.13,103634.45,103870.88,71.16527
2025-05-11 07:00:00,2025-05-11,104003.715,103629.175,103821.47231918277,103560.92193600422,47.363227735154844,175.66400348795287,6338.4131448912585,103870.88,103878.22,103395.74,103426.79,92.95239
2025-05-11 08:00:00,2025-05-11,104028.653,103652.55633333333,103826.55007933134,103579.53342400395,52.86810097338301,165.73617660401214,5929.735777399027,103426.5,104002.38,103385.45,103849.4,87.8164
2025-05-11 09:00:00,2025-05-11,103981.06,103689.88466666666,103918.69370127108,103628.16610632629,58.25236540203253,194.67413358548947,5550.433936156239,103849.4,104462.31,103842.8,104333.34,74.79432
2025-05-11 10:00:00,2025-05-11,103990.57800000001,103735.59433333334,104028.70575558543,103685.94635753105,60.17997336696931,230.31801288909628,5175.695797859364,104333.33,104535.23,104231.13,104523.76,76.34364
2025-05-11 11:00:00,2025-05-11,104046.898,103779.55566666667,104142.03198184262,103748.27239898065,61.47023801056292,265.8493939629843,4832.323955155124,104523.76,104760.0,104391.51,104652.0,82.17323
2025-05-11 12:00:00,2025-05-11,104129.99799999999,103808.71233333334,104226.40253059851,103803.61417969159,60.71147585716374,286.9938162406761,4542.825101215472,104652.02,104884.95,104105.61,104606.07,75.97266
2025-05-11 13:00:00,2025-05-11,104122.593,103814.84866666667,104181.38934321696,103814.91842616312,51.38351782466948,250.25313493414433,4266.360451128652,104606.07,104651.15,103978.83,103978.83,86.05649
2025-05-11 14:00:00,2025-05-11,104132.895,103835.74433333334,104195.08582626842,103843.42175350744,54.70398823079447,240.78367653231544,3998.1089903337484,103978.83,104313.91,103803.07,104256.72,104.45216
2025-05-11 15:00:00,2025-05-11,104160.891,103845.61366666667,104179.81931240142,103860.69260811988,52.674035995863115,219.00579685531557,3762.8004910241953,104256.72,104674.21,103970.42,104111.12,97.8662
2025-05-11 16:00:00,2025-05-11,104171.948,103858.087,104143.75216469206,103868.48340759602,50.863786899810705,189.10351737213205,3568.4661702367534,104111.12,104732.16,103690.04,103981.45,99.35032
2025-05-11 17:00:00,2025-05-11,104233.419,103878.34300000001,104125.16086202078,103879.6457683963,51.69176921302464,168.31109307763109,3339.7085866484135,103981.45,104185.28,103819.42,104041.5,88.17931
2025-05-11 18:00:00,2025-05-11,104304.035,103907.86633333332,104203.41525074428,103923.25313817718,58.18727964466552,191.11029235601018,3481.7872590306692,104041.5,105120.8,99791.99,104555.56,97.68229
2025-05-11 19:00:00,2025-05-11,104312.698,103934.23666666666,104242.78884151805,103955.29938732706,56.046655658773744,195.97872150737385,3253.8495976713357,104552.01,104646.11,104355.45,104419.97,82.32214
2025-05-11 20:00:00,2025-05-11,104287.307,103959.21766666668,104247.70905215113,103975.59297524145,53.69153203675316,185.58425749196613,3038.8817692662406,104419.97,104421.35,104177.05,104269.85,72.17776
2025-05-11 21:00:00,2025-05-11,104256.709,103999.45833333333,104265.58376994182,103999.49149296782,54.73096228601147,181.40176565661386,2848.636642890081,104269.85,104359.57,103984.12,104346.02,77.80606
2025-05-11 22:00:00,2025-05-11,104175.46900000001,104011.93733333334,104179.78126631601,103986.2126869699,46.56816279549903,131.995519738266,2719.924739826504,104346.02,104645.72,103599.05,103793.67,94.86229
2025-05-11 23:00:00,2025-05-11,104189.38600000001,104042.88233333334,104168.548308804,103994.71509426218,51.17308964646336,117.65517869409814,2550.774401267468,103793.67,104128.83,103777.01,104118.0,85.67103
2025-05-12 00:00:00,2025-05-12,104223.714,104087.18233333335,104246.99407083965,104033.76573334205,57.09156571272473,143.5292114521435,37573.977658319796,104118.0,513802.82,20927.2,104600.0,99.63761
2025-05-12 01:00:00,2025-05-12,104211.014,104114.177,104199.19878523244,104030.56278280387,48.930223358860744,113.03520051954547,35070.91639701124,104596.0,105061.92,102530.8,103984.12,108.11124
2025-05-12 02:00:00,2025-05-12,104195.156,104135.34633333333,104130.77536973562,104017.16324842944,47.03441810028011,74.99248311629344,32597.685225796155,103984.13,104233.18,103787.5,103822.87,97.10302
2025-05-12 03:00:00,2025-05-12,104199.77900000001,104145.63766666666,104122.94893887459,104021.71594207916,50.43162898465171,65.46075314945483,30590.888423953573,103831.0,104087.73,99585.2,104087.73,99.80837
2025-05-12 04:00:00,2025-05-12,104153.382,104162.02333333335,104117.24731362466,104026.223945816,50.481477479602184,57.55480228483793,28427.959965099748,104087.73,104160.01,103850.12,104091.59,72.89353
2025-05-12 05:00:00,2025-05-12,104105.386,104133.048,104085.02234751108,104020.66175576337,48.42212571595648,38.612934202479664,27159.381396164048,104091.58,104092.86,93425.0,103940.01,84.76864
2025-05-12 06:00:00,2025-05-12,104116.53199999999,104131.47233333332,104138.89282978179,104043.9293844238,54.270935576077505,58.535824631369906,25261.22772500947,103940.0,104411.59,103826.36,104381.31,95.88244
2025-05-12 07:00:00,2025-05-12,104127.56999999999,104143.72566666667,104196.62140618509,104070.54039188032,55.201823214676836,79.46793736476684,23562.735744651647,104381.31,105705.33,104222.99,104456.4,97.6573
2025-05-12 08:00:00,2025-05-12,104209.60699999999,104171.69133333334,104272.51569596962,104105.60488272677,57.172852606289304,107.53739392379066,21922.853191462247,104456.4,104730.16,104125.78,104614.04,105.88377
2025-05-12 09:00:00,2025-05-12,104243.959,104185.31266666666,104306.88011488423,104128.56714835731,54.666737739004716,116.1367984196404,20384.585106357797,104614.04,104682.67,104295.57,104461.52,100.17505
2025-05-12 10:00:00,2025-05-12,104236.722,104197.777,104347.01645763255,104154.31313878587,55.575722348543046,126.82445950989495,18959.040455903665,104468.56,104527.65,104100.69,104527.63,85.20751
2025-05-12 11:00:00,2025-05-12,104213.67799999999,104195.19433333333,104239.13710169935,104128.46583950937,44.36135473376227,72.01308903063182,17671.10899476769,104527.62,104628.0,103700.0,103753.68,89.61199
2025-05-12 12:00:00,2025-05-12,104219.506,104195.53666666667,104174.04853775402,104112.50997889586,46.283888616685346,38.4175926263124,23367.40120942714,103753.68,125419.2,28000.0,103881.15,96.29275
2025-05-12 13:00:00,2025-05-12,104241.098,104224.76533333333,104197.61243998056,104124.84159316066,52.18174980176306,45.362231139981304,23077.95826589663,103881.14,113030.2,93715.0,104303.65,108.65722
2025-05-12 14:00:00,2025-05-12,104108.198,104188.53833333333,103936.69926907499,104036.9543936019,36.45789338150418,-72.64732251613168,22187.609104046867,104303.65,104328.07,93715.0,102762.59,113.19879
2025-05-12 15:00:00,2025-05-12,103973.283,104130.45566666666,103692.00122015226,103943.65798111146,35.18551678938525,-177.97631956844998,20659.25559661495,102762.59,103197.16,102406.5,102590.86,114.6937
2025-05-12 16:00:00,2025-05-12,103820.236,104074.69166666667,103539.06281648821,103873.15359523332,38.6748403327224,-237.7316725915589,22544.451625428166,102590.86,107052.0,60000.0,102850.84,114.93092
2025-05-12 17:00:00,2025-05-12,103630.215,104004.83133333334,103360.3586680358,103788.18820199247,36.29026778217175,-305.34419507301936,20972.478652183298,102850.84,103093.02,102556.19,102556.19,93.87641
2025-05-12 18:00:00,2025-05-12,103338.701,103907.92566666665,103058.27527384747,103653.39541476716,30.41445391369919,-423.2250694379909,19689.723034170205,102556.2,102616.2,99602.3,101698.9,109.4669
2025-05-12 19:00:00,2025-05-12,103072.969,103835.43800000001,102830.26158769339,103534.09248478219,31.873533620095927,-502.3588021235191,18333.784960300905,101698.9,102263.38,101556.79,101804.2,112.11863
2025-05-12 20:00:00,2025-05-12,102888.21299999999,103782.88299999999,102802.95402629458,103478.99425995753,42.646094084058426,-488.7633071948221,17107.98817742227,101804.2,102881.64,101709.01,102680.07,100.70837
2025-05-12 21:00:00,2025-05-12,102765.59599999999,103730.09599999999,102752.87329424103,103417.60817866997,41.417598216386324,-484.7116424251144,15913.886879034964,102680.01,102743.43,102352.86,102527.51,76.5224
2025-05-12 22:00:00,2025-05-12,102662.198,103692.28666666667,102770.01814983356,103380.80571552996,44.9931534097655,-450.5135387744667,14816.546387675324,102527.51,102945.45,102394.33,102847.17,86.3695
2025-05-12 23:00:00,2025-05-12,102511.35299999999,103650.74333333335,102774.59666804563,103343.02470162482,44.517428938121476,-422.73185028720764,13781.172359984228,102847.19,103115.47,102794.16,102795.2,61.5303
2025-05-13 00:00:00,2025-05-13,102459.806,103573.79533333333,102678.69181931006,103272.32117248775,39.74472517080333,-439.86959463152743,17663.752191413925,102795.2,103137.29,35000.0,102247.12,102.75819
2025-05-13 01:00:00,2025-05-13,102443.886,103507.51833333333,102633.77694307186,103218.08496781113,41.999471063695836,-433.5627037943923,16443.75846345579,102247.12,102709.37,102125.53,102431.66,108.24187
2025-05-13 02:00:00,2025-05-13,102363.111,103433.29299999999,102526.37931705879,103142.27884085556,38.71444370741892,-454.6775590781763,15319.754287494663,102431.66,102431.67,101723.97,102043.09,105.08706
2025-05-13 03:00:00,2025-05-13,102285.976,103347.92033333333,102391.55398668446,103054.70214144554,36.66201873241267,-486.6401658209943,14270.118981245045,102043.09,102124.46,101499.6,101784.84,102.49991
2025-05-13 04:00:00,2025-05-13,102389.72200000001,103312.67666666667,102454.24598910546,103034.16393877163,47.66999151354772,-430.2316079605662,17054.683339727544,101784.84,103254.02,50000.0,102736.36,108.96465
2025-05-13 05:00:00,2025-05-13,102456.681,103257.86966666667,102457.79944563174,102998.01078143154,45.32883958809809,-402.079699574635,15871.898101175577,102737.18,102761.91,102266.22,102473.79,100.24419
2025-05-13 06:00:00,2025-05-13,102443.876,103189.60366666666,102474.93045551688,102969.23718262951,46.1769756506712,-369.20068645662104,14763.588951091606,102476.5,102688.9,102333.33,102552.02,96.52716
2025-05-13 07:00:00,2025-05-13,102456.762,103145.34533333335,102507.9194636047,102949.05220310504,47.35027056422656,-330.9091441395576,13758.894026013635,102552.0,102920.01,102222.15,102656.37,80.90937
2025-05-13 08:00:00,2025-05-13,102448.67899999999,103110.12766666667,102554.90501567657,102937.26431903375,48.621394389892096,-288.36506803201337,12802.348738441233,102654.99,102924.27,102557.01,102766.34,92.5707
2025-05-13 09:00:00,2025-05-13,102516.151,103089.534,102721.27137646264,102971.62920167675,55.94913518213732,-195.6205631838675,11944.90668569543,102766.34,103520.09,102721.93,103469.92,95.82506
2025-05-13 10:00:00,2025-05-13,102647.222,103071.742,102873.37294437851,103009.4486080202,56.77859648227593,-113.71543188478972,11114.981208145755,103468.41,103612.64,103286.69,103557.83,98.01319
2025-05-13 11:00:00,2025-05-13,102771.613,103062.92733333333,103019.2269544915,103052.42418169632,57.921404706872615,-38.85647793952376,10347.800407563915,103557.72,103820.51,103446.06,103675.57,81.44666
2025-05-13 12:00:00,2025-05-13,102935.55600000001,103039.63433333332,103139.8256900385,103093.0755248127,57.99201236798169,20.790924472748884,17025.713949880777,103675.55,124378.59,20540.0,103682.52,113.63503
2025-05-13 13:00:00,2025-05-13,103130.627,103015.606,103248.13920094058,103134.52549095382,58.563355067097135,71.51659958808159,16207.469382032152,103682.52,103887.99,98317.7,103735.55,107.17242
2025-05-13 14:00:00,2025-05-13,103172.25,102966.891,103230.76661895137,103135.69094315034,50.44151006640145,63.94000203355972,15110.85585474414,103728.04,103740.49,102885.61,103152.59,119.02407
2025-05-13 15:00:00,2025-05-13,103282.421,102937.357,103293.44541550566,103164.06572101162,55.286182106200236,91.01167059304134,14095.76043654813,103152.59,103855.43,102955.91,103575.5,100.97584
2025-05-13 16:00:00,2025-05-13,103399.815,102910.63466666666,103372.08443086826,103200.31696481734,56.90045441039819,123.18700441492547,13144.511119651832,103575.5,104316.78,103538.51,103725.96,120.14875
2025-05-13 17:00:00,2025-05-13,103560.994,102927.784,103535.00726161948,103269.21006386138,62.19691156437184,190.24418043589685,12248.176753962416,103725.96,104310.06,103714.23,104268.16,112.25748
2025-05-13 18:00:00,2025-05-13,103722.032,102944.303,103688.04594132502,103340.6623178058,63.17274813299154,249.27388608836918,11403.369128679387,104268.16,104430.51,104009.64,104376.72,109.81328
2025-05-13 19:00:00,2025-05-13,103854.102,102960.53533333333,103888.51395199318,103434.20797472158,66.70196750584029,325.69916674388514,10643.841333773717,104376.74,104955.57,104185.59,104790.62,101.14925
2025-05-13 20:00:00,2025-05-13,103954.74100000001,103020.58966666668,104011.36959708533,103507.11197635245,63.13775058877484,363.8044531065243,9916.417667075595,104790.62,104881.49,104421.58,104564.22,96.7049
2025-05-13 21:00:00,2025-05-13,104019.814,103078.43766666666,104068.62967034253,103559.96281658778,59.537323646838,370.53372928116005,9236.736405141624,104564.22,104592.87,104191.99,104326.3,74.72851
2025-05-13 22:00:00,2025-05-13,104066.764,103121.81033333334,104083.79154846206,103598.1600542273,56.974341982889314,357.68066954013193,8599.726661917224,104326.29,104428.57,104109.97,104152.02,94.25824
2025-05-13 23:00:00,2025-05-13,104104.55,103173.71766666668,104089.17672146895,103631.40198621264,56.39513371109895,340.4544755032548,8010.446186065994,104152.02,104285.67,103935.87,104113.41,101.46233
2025-05-14 00:00:00,2025-05-14,104181.29199999999,103247.75466666667,104058.41913574732,103650.0218580699,53.46321541452882,307.65042632333643,12788.04788706128,104113.39,104896.87,30000.0,103920.01,105.70889
2025-05-14 01:00:00,2025-05-14,104200.063,103313.055,104004.74474742962,103657.3243188396,51.14176088097533,265.9349983183056,11902.09375227119,103920.01,104070.71,103686.02,103763.21,98.15293
2025-05-14 02:00:00,2025-05-14,104197.851,103347.18066666667,103950.0347933515,103660.32533052738,50.2520184704431,225.48530403152108,11095.547769966108,103763.21,103763.21,103152.76,103703.84,91.2146
2025-05-14 03:00:00,2025-05-14,104129.77900000001,103382.51166666667,103884.10846728759,103655.62305113852,48.47150313987558,181.9388449289836,10325.688643539956,103703.73,103770.78,103453.26,103587.44,74.46124
2025-05-14 04:00:00,2025-05-14,104066.676,103412.46233333334,103858.94147323529,103661.43382203282,51.01277132519871,158.37180323975917,9615.223740429958,103587.3,103846.41,103467.23,103745.69,59.18322
2025-05-14 05:00:00,2025-05-14,103978.338,103449.53033333333,103867.72302355614,103677.29228512748,53.532205481847996,150.9899694007472,8948.680616113532,103745.69,103970.76,103687.14,103907.24,45.37996
2025-05-14 06:00:00,2025-05-14,103897.666,103499.87633333333,103847.68247381866,103682.46697640957,50.918187174515765,131.5407267131959,8328.033429248278,103904.77,103930.51,103670.89,103757.5,64.48439
2025-05-14 07:00:00,2025-05-14,103841.979,103544.46866666667,103833.45475130616,103688.07749406058,51.12296627365763,115.7553573515761,7757.727470016259,103757.49,103776.54,103432.79,103769.43,71.22764
2025-05-14 08:00:00,2025-05-14,103772.45300000001,103591.591,103764.96479652321,103673.15378476636,45.7370051951722,77.126417169653,12624.17550787224,103769.43,103860.0,27972.0,103456.76,86.01952
2025-05-14 09:00:00,2025-05-14,103709.68400000001,103648.287,103714.19301533716,103661.06128252337,46.30130246008233,48.29284389698296,11765.217257309938,103456.76,103485.72,102886.96,103485.72,82.96582
2025-05-14 10:00:00,2025-05-14,103692.591,103682.04433333334,103720.53610345768,103666.73990945735,51.264748836280624,46.16086661616282,10960.684596073514,103485.76,103929.31,103427.55,103749.08,83.13237
2025-05-14 11:00:00,2025-05-14,103710.763,103731.08233333332,103761.3349937381,103684.6876572343,54.623724619381896,59.58782610706112,10205.872124925405,103749.08,104135.45,103742.14,103944.93,62.13709
2025-05-14 12:00:00,2025-05-14,103740.19200000001,103779.28600000001,103804.38863124026,103704.90974386435,55.52052555172719,73.67233481237781,18048.309830287875,103944.94,145000.0,25000.0,103998.13,82.74634
2025-05-14 13:00:00,2025-05-14,103776.798,103822.52366666666,103831.49978919658,103720.94782490536,54.54658001792756,80.30740761784546,16972.942699553027,103998.97,104993.17,102000.0,103953.5,107.71596
2025-05-14 14:00:00,2025-05-14,103728.095,103838.93433333332,103727.34710025173,103691.12280394373,42.14957206569477,29.16181044129189,19245.313221013523,103960.51,139958.0,91171.87,103258.66,120.63957
2025-05-14 15:00:00,2025-05-14,103687.37,103839.93666666668,103686.00944566051,103678.79165530221,46.682033482691274,8.00954130932223,23634.695133798272,103258.32,110696.66,30000.0,103499.99,115.79693
2025-05-14 16:00:00,2025-05-14,103647.986,103833.46433333334,103627.40045554042,103658.4605807666,44.55820223893727,-19.52935378048278,21981.34548138411,103499.99,103693.79,103205.99,103363.66,108.12539
2025-05-14 17:00:00,2025-05-14,103594.734,103818.84233333333,103556.40219089671,103631.26376910423,42.616899331471764,-50.99396555990097,20468.65294699953,103363.5,103435.29,102631.64,103236.91,86.61296
2025-05-14 18:00:00,2025-05-14,103591.917,103810.37800000001,103533.16361073367,103618.18804206526,46.41872504810561,-59.77388686219638,19034.877736499562,103236.9,103429.24,103033.44,103428.59,96.2374
2025-05-14 19:00:00,2025-05-14,103573.83499999999,103796.023,103491.66113605481,103597.97591031912,44.37560020320257,-75.83856723450299,17706.66361246388,103428.59,103719.88,103280.0,103304.9,86.48318
2025-05-14 20:00:00,2025-05-14,103554.479,103809.454,103503.2718385903,103595.2368193308,49.24981994195151,-67.56811946655216,16468.3512115736,103303.05,103661.55,103291.26,103555.52,65.78193
2025-05-14 21:00:00,2025-05-14,103523.524,103811.45,103527.29150430116,103597.82670195463,50.73134412208807,-53.94781857181806,15307.893982175488,103555.51,103667.74,103445.79,103635.38,51.3541
2025-05-14 22:00:00,2025-05-14,103474.856,103804.29966666667,103524.41123079185,103592.25401150595,48.37145222050619,-52.54800654805149,14230.459412020096,103635.38,103671.98,103448.17,103511.45,49.39458
2025-05-14 23:00:00,2025-05-14,103430.289,103778.95533333332,103521.39646155697,103586.80730108621,48.300773832833016,-51.141224973325734,13231.582311161517,103511.45,103641.51,103395.33,103507.83,66.19896
2025-05-15 00:00:00,2025-05-15,103482.64300000001,103759.138,103568.81528672842,103599.4132816613,53.80963285033373,-27.56917416723445,12313.90214607855,103507.86,103858.4,103474.34,103782.2,65.24361
2025-05-15 01:00:00,2025-05-15,103436.84199999999,103700.85,103473.02705277779,103563.44984413477,41.08892519679309,-67.83575345970166,11491.852707072938,103770.0,103801.87,102996.66,103041.98,70.50179
2025-05-15 02:00:00,2025-05-15,103405.24,103650.29733333334,103395.68395227272,103530.17178967447,41.20338259883461,-98.15907622776285,10691.06679942487,103060.82,103201.65,102920.8,103047.64,78.97893
2025-05-15 03:00:00,2025-05-15,103357.773,103598.162,103280.51232458677,103480.62780324386,37.271127455767044,-143.56499490668648,9956.825599465952,103047.61,103142.88,102731.19,102762.24,72.06336
2025-05-15 04:00:00,2025-05-15,103304.089,103556.15299999999,103209.82826557099,103442.63568690555,40.066332616166086,-167.17208224878414,9262.589485218385,102762.25,102949.82,102712.3,102891.75,79.60225
2025-05-15 05:00:00,2025-05-15,103212.56899999999,103498.696,103060.71403546716,103374.70435226648,33.78199080880475,-223.81214119489596,8641.745950559929,102891.77,102919.99,102349.21,102389.7,74.156
2025-05-15 06:00:00,2025-05-15,103078.729,103441.933,102907.33330174585,103300.02149082994,31.92811086616264,-279.40475556926685,8061.7869540913625,102380.96,102686.1,102163.78,102217.12,83.04108
2025-05-15 07:00:00,2025-05-15,102896.16500000001,103376.81733333334,102707.7708832466,103203.87429787318,28.019276990127082,-352.27367275065626,7533.570028799122,102217.37,102400.02,101733.27,101809.74,88.20148
2025-05-15 08:00:00,2025-05-15,102774.269,103329.77233333333,102632.26526811086,103145.07531091363,37.74565067292382,-366.84021843121445,7033.372883884899,101809.74,102306.03,101775.22,102292.49,81.36161
2025-05-15 09:00:00,2025-05-15,102612.934,103273.34033333333,102498.1224920907,103064.39174246759,33.70222300024321,-405.82232438116625,6587.401963607406,102292.49,102301.7,101511.92,101894.48,75.95805
2025-05-15 10:00:00,2025-05-15,102414.722,103208.48666666666,102371.20567534692,102982.82324295356,32.804627700265655,-439.26958887890214,7823.34110906402,101894.01,123085.7,99195.15,101800.08,92.55159
2025-05-15 11:00:00,2025-05-15,102348.679,103157.63033333333,102373.08646164747,102944.03142082752,42.893597577876854,-414.0837181705283,7310.462458416591,101803.56,102435.88,101792.84,102381.55,80.97494
2025-05-15 12:00:00,2025-05-15,102301.913,103118.37966666667,102410.70346862066,102920.54423238705,45.879880238809115,-373.8031218244287,8360.27799710112,102381.55,124295.37,102287.49,102579.98,88.01736
2025-05-15 13:00:00,2025-05-15,102233.416,103061.97433333333,102350.07920159871,102866.1394432008,40.15137390963388,-378.08660762934596,7844.336711593898,102579.98,102787.82,101650.72,102077.27,94.80449
2025-05-15 14:00:00,2025-05-15,102139.188,103011.73133333334,102277.2411649444,102806.99947912333,38.824224187106445,-387.3288075320015,12487.598375051477,102077.27,102850.0,30000.0,101949.47,102.17653
2025-05-15 15:00:00,2025-05-15,102225.47899999999,103003.961,102454.58095313632,102835.74854498635,55.115657165747564,-286.2016558029427,11692.430633976372,101966.99,103288.7,101933.45,103252.61,104.56914
2025-05-15 16:00:00,2025-05-15,102384.22799999999,103005.81199999999,102700.0407798388,102898.2557356324,59.97765755703163,-159.67523600606364,11824.950588692345,103248.87,103804.61,90256.9,103804.61,117.33175
2025-05-15 17:00:00,2025-05-15,102600.079,103006.58933333334,102930.62427441357,102967.28762365611,61.31546192736365,-45.67128618224524,11014.057689500036,103796.0,104138.85,103666.4,103968.25,96.66242
2025-05-15 18:00:00,2025-05-15,102642.832,102963.98566666666,102892.33258815655,102951.33487374283,48.10614186655811,-55.40538491078769,10318.38142596432,103968.26,103994.47,102719.88,102720.02,99.11236
2025-05-15 19:00:00,2025-05-15,102766.717,102936.64666666667,102936.1502994008,102963.07649479169,51.8082502896313,-29.42981685012637,14811.785609824014,102719.99,103226.04,30000.0,103133.33,110.50627
2025-05-15 20:00:00,2025-05-15,102934.10900000001,102943.82466666667,103033.9411540552,102996.03930157932,54.678254053271424,18.432748631588765,13796.470209122299,103133.33,103517.95,102920.58,103474.0,88.23914
2025-05-15 21:00:00,2025-05-15,103021.338,102935.61966666667,103073.9227624088,103012.67160470325,52.50216726467163,38.159228725446155,12866.513765613563,103474.0,103485.54,102708.46,103253.84,85.60923
2025-05-15 22:00:00,2025-05-15,103114.568,102940.57366666666,103153.62407833447,103044.90440439981,54.77738639850294,73.79588146306924,13383.187782355451,103189.5,123289.37,103189.42,103512.28,84.47671
2025-05-15 23:00:00,2025-05-15,103280.49,102957.22633333334,103259.59970045547,103089.52282992241,56.71457136360108,118.76105518671102,12473.299369330063,103509.01,103893.74,103248.99,103736.49,100.04826
2025-05-16 00:00:00,2025-05-16,103461.035,102968.10399999999,103349.65793673629,103132.45167960486,56.87809045132358,154.10697699084994,11616.162271520772,103736.49,103995.54,103522.16,103754.92,87.90142
2025-05-16 01:00:00,2025-05-16,103537.774,102991.94066666666,103471.53831187513,103189.71286156584,59.2618598538776,201.1894288090116,11299.352109269288,103754.83,110652.34,103471.52,104020.0,88.724
2025-05-16 02:00:00,2025-05-16,103577.19200000001,103013.38299999999,103603.76589153419,103254.81461243257,60.83447047747618,250.0470827542158,10976.371958607197,104018.4,110723.74,103946.11,104198.79,101.08573
2025-05-16 03:00:00,2025-05-16,103582.717,103026.32033333332,103680.0811839825,103304.40721808208,58.45205031032404,271.4930841898604,10213.041818706683,104199.84,104304.85,104015.1,104023.5,72.35887
2025-05-16 04:00:00,2025-05-16,103701.899,103039.66666666667,103722.21915053113,103343.59642981872,56.92279496694576,276.2942182583647,9522.870974513347,104023.52,104184.65,103634.0,103911.84,73.80185
2025-05-16 05:00:00,2025-05-16,103780.242,103053.29766666667,103757.59021407092,103380.57472466913,56.97620724641851,277.299617106808,8865.999476333824,103911.84,104160.35,103833.68,103916.76,77.50879
2025-05-16 06:00:00,2025-05-16,103831.62899999999,103060.15333333334,103799.45926605802,103419.75506501306,57.79081919895797,280.599805753227,8253.715942309978,103949.0,104173.55,103879.52,103987.87,74.46101
2025-05-16 07:00:00,2025-05-16,103877.263,103082.42666666667,103783.22667222928,103438.49215759286,53.52854151004043,257.83579622260004,13392.055517859266,103987.79,104190.47,24000.0,103710.18,72.04423
2025-05-16 08:00:00,2025-05-16,103867.07499999998,103094.51866666667,103715.44000455123,103436.6797603288,49.301198707260134,213.14837227440148,12517.709409440748,103710.18,104257.2,103105.99,103410.4,103.52845
2025-05-16 09:00:00,2025-05-16,103873.42799999999,103129.11133333335,103730.81818554191,103460.12106611404,54.34746563024416,206.7886142264033,11800.595165909264,103410.01,105866.7,103388.59,103800.02,102.34555
2025-05-16 10:00:00,2025-05-16,103878.189,103159.47066666668,103743.85669726155,103482.21196507443,54.37896883876898,199.6495603229705,10974.036939772888,103800.02,103864.01,103635.23,103802.53,106.02303
2025-05-16 11:00:00,2025-05-16,103840.34599999999,103201.19966666665,103725.25911594127,103492.49312861802,51.905359975608285,178.94096184794034,10212.489301217682,103803.0,103880.37,103568.0,103641.57,99.94745
2025-05-16 12:00:00,2025-05-16,103771.074,103244.16466666666,103685.4065494065,103493.36905580397,49.849621152789894,149.86794638347055,9522.291493987848,103641.57,103776.71,103226.99,103506.07,103.66003
2025-05-16 13:00:00,2025-05-16,103769.655,103317.48366666668,103744.29808587805,103526.65556833275,56.70748813084935,165.52654741407605,8895.934244417287,103506.08,104083.93,103330.64,104009.31,111.13086
2025-05-16 14:00:00,2025-05-16,103734.407,103359.71266666666,103710.67297935477,103528.76553166613,50.10953807351303,140.01489241054514,8306.083941244624,104009.68,104010.99,103372.96,103559.36,120.95791
2025-05-16 15:00:00,2025-05-16,103756.542,103434.50033333333,103788.38880129028,103568.07807801025,57.034260031996375,164.59960837745166,8726.507945441437,103559.36,117750.02,103558.0,104138.11,121.13953
2025-05-16 16:00:00,2025-05-16,103753.032,103506.25666666665,103818.27629196478,103592.89691168701,54.428845816689105,167.20040170334687,8154.682377909907,104138.11,104541.96,103821.01,103952.77,76.84502
